{
    "current": {
        "y1": -98.820724332280506, 
        "x1": 15.889205373684714, 
        "alpha1": -0.18851740252580457
    }, 
    "metric": -0.31344010587348609, 
    "init": {
        "y1": -90.0, 
        "x1": 20.0, 
        "alpha1": -0.17453292519943295
    }, 
    "iterNum": 105
}