{
    "current": {
        "y1": -98.820580157172031, 
        "x1": 15.889240648821488, 
        "alpha1": -0.18852052597800345
    }, 
    "metric": -0.31347120285547225, 
    "init": {
        "y1": -90.0, 
        "x1": 20.0, 
        "alpha1": -0.17453292519943295
    }, 
    "iterNum": 100
}