{
    "current": {
        "y1": -98.820929494727224, 
        "x1": 15.889181690192945, 
        "alpha1": -0.1885140063550918
    }, 
    "metric": -0.31347806086738395, 
    "init": {
        "y1": -90.0, 
        "x1": 20.0, 
        "alpha1": -0.17453292519943295
    }, 
    "iterNum": 103
}