{
    "current": {
        "y1": -98.821156857605928, 
        "x1": 15.889099548274395, 
        "alpha1": -0.18850803216920797
    }, 
    "metric": -0.31329960620944253, 
    "init": {
        "y1": -90.0, 
        "x1": 20.0, 
        "alpha1": -0.17453292519943295
    }, 
    "iterNum": 104
}