{
    "current": {
        "y1": -98.82083801371985, 
        "x1": 15.88916430272544, 
        "alpha1": -0.18851441543286268
    }, 
    "metric": -0.3135547652575329, 
    "init": {
        "y1": -90.0, 
        "x1": 20.0, 
        "alpha1": -0.17453292519943295
    }, 
    "iterNum": 106
}