{
    "current": {
        "y1": -91.5, 
        "x1": 18.333333333333332, 
        "alpha1": -0.18471401250273317
    }, 
    "metric": -0.26368024479680136, 
    "init": {
        "y1": -90.0, 
        "x1": 20.0, 
        "alpha1": -0.17453292519943295
    }, 
    "iterNum": 10
}