{
    "current": {
        "y1": -98.820861041231808, 
        "x1": 15.889158729214557, 
        "alpha1": -0.18851430826333038
    }, 
    "metric": -0.31355981344054507, 
    "init": {
        "y1": -90.0, 
        "x1": 20.0, 
        "alpha1": -0.17453292519943295
    }, 
    "iterNum": 101
}