{
    "current": {
        "y1": -98.820574628347273, 
        "x1": 15.889197812655297, 
        "alpha1": -0.18851889820739409
    }, 
    "metric": -0.31340871291193445, 
    "init": {
        "y1": -90.0, 
        "x1": 20.0, 
        "alpha1": -0.17453292519943295
    }, 
    "iterNum": 102
}