{
    "current": {
        "y1": -98.820895267979523, 
        "x1": 15.889170209703751, 
        "alpha1": -0.18851415730921109
    }, 
    "metric": -0.31351366205034936, 
    "init": {
        "y1": -90.0, 
        "x1": 20.0, 
        "alpha1": -0.17453292519943295
    }, 
    "iterNum": 107
}