{
    "current": {
        "y1": -98.821008949418868, 
        "x1": 15.889129138744474, 
        "alpha1": -0.1885111702162692
    }, 
    "metric": -0.31337552477040231, 
    "init": {
        "y1": -90.0, 
        "x1": 20.0, 
        "alpha1": -0.17453292519943295
    }, 
    "iterNum": 109
}