{
    "current": {
        "y1": -98.82072059920192, 
        "x1": 15.889199689018023, 
        "alpha1": -0.18851741712066691
    }, 
    "metric": -0.31342135532242199, 
    "init": {
        "y1": -90.0, 
        "x1": 20.0, 
        "alpha1": -0.17453292519943295
    }, 
    "iterNum": 108
}