{
    "current": {
        "y1": -98.820792686756164, 
        "x1": 15.889182051449636, 
        "alpha1": -0.1885158553945675
    }, 
    "metric": -0.31355410686337953, 
    "init": {
        "y1": -90.0, 
        "x1": 20.0, 
        "alpha1": -0.17453292519943295
    }, 
    "iterNum": 110
}