{
    "current": {
        "y1": -92.25, 
        "x1": 19.0, 
        "alpha1": -0.17889624832941875
    }, 
    "metric": -0.28615668454437793, 
    "init": {
        "y1": -90.0, 
        "x1": 20.0, 
        "alpha1": -0.17453292519943295
    }, 
    "iterNum": 11
}