{
    "current": {
        "y1": -92.25, 
        "x1": 19.0, 
        "alpha1": -0.18325957145940458
    }, 
    "metric": -0.28789410983387864, 
    "init": {
        "y1": -90.0, 
        "x1": 20.0, 
        "alpha1": -0.17453292519943295
    }, 
    "iterNum": 12
}