{
    "current": {
        "y1": -94.5, 
        "x1": 19.000000000000004, 
        "alpha1": -0.17889624832941875
    }, 
    "metric": -0.27636117315800912, 
    "init": {
        "y1": -90.0, 
        "x1": 20.0, 
        "alpha1": -0.17453292519943295
    }, 
    "iterNum": 13
}