{
    "current": {
        "y1": -93.75, 
        "x1": 18.833333333333336, 
        "alpha1": -0.18035068937274737
    }, 
    "metric": -0.28016154818425482, 
    "init": {
        "y1": -90.0, 
        "x1": 20.0, 
        "alpha1": -0.17453292519943295
    }, 
    "iterNum": 14
}