{
    "current": {
        "y1": -92.25, 
        "x1": 18.5, 
        "alpha1": -0.18325957145940455
    }, 
    "metric": -0.27730411267125865, 
    "init": {
        "y1": -90.0, 
        "x1": 20.0, 
        "alpha1": -0.17453292519943295
    }, 
    "iterNum": 15
}