{
    "current": {
        "y1": -93.375, 
        "x1": 18.75, 
        "alpha1": -0.18107790989441166
    }, 
    "metric": -0.28653384790371383, 
    "init": {
        "y1": -90.0, 
        "x1": 20.0, 
        "alpha1": -0.17453292519943295
    }, 
    "iterNum": 16
}