{
    "current": {
        "y1": -94.5, 
        "x1": 18.166666666666664, 
        "alpha1": -0.18616845354606176
    }, 
    "metric": -0.28680368968959324, 
    "init": {
        "y1": -90.0, 
        "x1": 20.0, 
        "alpha1": -0.17453292519943295
    }, 
    "iterNum": 17
}