{
    "current": {
        "y1": -94.125, 
        "x1": 18.027777777777779, 
        "alpha1": -0.18738048774883567
    }, 
    "metric": -0.29075992433987718, 
    "init": {
        "y1": -90.0, 
        "x1": 20.0, 
        "alpha1": -0.17453292519943295
    }, 
    "iterNum": 18
}