{
    "current": {
        "y1": -92.75, 
        "x1": 18.518518518518519, 
        "alpha1": -0.18309796689903485
    }, 
    "metric": -0.28911662327897492, 
    "init": {
        "y1": -90.0, 
        "x1": 20.0, 
        "alpha1": -0.17453292519943295
    }, 
    "iterNum": 19
}