{
    "current": {
        "y1": -95.333333333333343, 
        "x1": 17.364197530864196, 
        "alpha1": -0.18589911261211212
    }, 
    "metric": -0.29316762818597031, 
    "init": {
        "y1": -90.0, 
        "x1": 20.0, 
        "alpha1": -0.17453292519943295
    }, 
    "iterNum": 20
}