{
    "current": {
        "y1": -96.875, 
        "x1": 16.546296296296291, 
        "alpha1": -0.18721888318846591
    }, 
    "metric": -0.29959379628659605, 
    "init": {
        "y1": -90.0, 
        "x1": 20.0, 
        "alpha1": -0.17453292519943295
    }, 
    "iterNum": 21
}