{
    "current": {
        "y1": -97.583333333333343, 
        "x1": 16.53086419753086, 
        "alpha1": -0.1888079946987693
    }, 
    "metric": -0.30540587404546388, 
    "init": {
        "y1": -90.0, 
        "x1": 20.0, 
        "alpha1": -0.17453292519943295
    }, 
    "iterNum": 22
}