{
    "current": {
        "y1": -100.0, 
        "x1": 15.537037037037031, 
        "alpha1": -0.1916630085986365
    }, 
    "metric": -0.30309550601832336, 
    "init": {
        "y1": -90.0, 
        "x1": 20.0, 
        "alpha1": -0.17453292519943295
    }, 
    "iterNum": 23
}