{
    "current": {
        "y1": -98.513888888888914, 
        "x1": 16.023662551440324, 
        "alpha1": -0.18547714514892424
    }, 
    "metric": -0.3089484714365246, 
    "init": {
        "y1": -90.0, 
        "x1": 20.0, 
        "alpha1": -0.17453292519943295
    }, 
    "iterNum": 24
}