{
    "current": {
        "y1": -100.70833333333337, 
        "x1": 15.021604938271594, 
        "alpha1": -0.1845254738489685
    }, 
    "metric": -0.30082854512676771, 
    "init": {
        "y1": -90.0, 
        "x1": 20.0, 
        "alpha1": -0.17453292519943295
    }, 
    "iterNum": 25
}