{
    "current": {
        "y1": -100.81481481481487, 
        "x1": 14.733882030178314, 
        "alpha1": -0.19107644389803502
    }, 
    "metric": -0.30218540273498024, 
    "init": {
        "y1": -90.0, 
        "x1": 20.0, 
        "alpha1": -0.17453292519943295
    }, 
    "iterNum": 26
}