{
    "current": {
        "y1": -101.06635802469143, 
        "x1": 14.979309556470042, 
        "alpha1": -0.18968883930868646
    }, 
    "metric": -0.30171276565504512, 
    "init": {
        "y1": -90.0, 
        "x1": 20.0, 
        "alpha1": -0.17453292519943295
    }, 
    "iterNum": 27
}