{
    "current": {
        "y1": -100.01851851851856, 
        "x1": 15.371056241426604, 
        "alpha1": -0.18907135027863131
    }, 
    "metric": -0.3077172214961123, 
    "init": {
        "y1": -90.0, 
        "x1": 20.0, 
        "alpha1": -0.17453292519943295
    }, 
    "iterNum": 28
}