{
    "current": {
        "y1": -96.59567901234567, 
        "x1": 17.216506630086876, 
        "alpha1": -0.18449454951951488
    }, 
    "metric": -0.29451061959370139, 
    "init": {
        "y1": -90.0, 
        "x1": 20.0, 
        "alpha1": -0.17453292519943295
    }, 
    "iterNum": 29
}