{
    "current": {
        "y1": -90.0, 
        "x1": 21.0, 
        "alpha1": -0.17453292519943295
    }, 
    "metric": -0.26373579000913105, 
    "init": {
        "y1": -90.0, 
        "x1": 20.0, 
        "alpha1": -0.17453292519943295
    }, 
    "iterNum": 2
}