{
    "current": {
        "y1": -99.760030864197574, 
        "x1": 15.354538180155455, 
        "alpha1": -0.189430970303405
    }, 
    "metric": -0.30502350873080264, 
    "init": {
        "y1": -90.0, 
        "x1": 20.0, 
        "alpha1": -0.17453292519943295
    }, 
    "iterNum": 30
}