{
    "current": {
        "y1": -97.650462962962962, 
        "x1": 16.595850480109736, 
        "alpha1": -0.1861400231141449
    }, 
    "metric": -0.30174311682144384, 
    "init": {
        "y1": -90.0, 
        "x1": 20.0, 
        "alpha1": -0.17453292519943295
    }, 
    "iterNum": 31
}