{
    "current": {
        "y1": -99.232638888888914, 
        "x1": 15.664866255144025, 
        "alpha1": -0.18860823350608996
    }, 
    "metric": -0.31010115944161837, 
    "init": {
        "y1": -90.0, 
        "x1": 20.0, 
        "alpha1": -0.17453292519943295
    }, 
    "iterNum": 32
}