{
    "current": {
        "y1": -100.92669753086426, 
        "x1": 14.842192501143114, 
        "alpha1": -0.18662982459032773
    }, 
    "metric": -0.30287192454219292, 
    "init": {
        "y1": -90.0, 
        "x1": 20.0, 
        "alpha1": -0.17453292519943295
    }, 
    "iterNum": 33
}