{
    "current": {
        "y1": -98.419174382716079, 
        "x1": 16.108696273433925, 
        "alpha1": -0.18826345217165891
    }, 
    "metric": -0.31132390473864296, 
    "init": {
        "y1": -90.0, 
        "x1": 20.0, 
        "alpha1": -0.17453292519943295
    }, 
    "iterNum": 34
}