{
    "current": {
        "y1": -97.425282921810691, 
        "x1": 16.493760478585578, 
        "alpha1": -0.1858278702724841
    }, 
    "metric": -0.30230872195108799, 
    "init": {
        "y1": -90.0, 
        "x1": 20.0, 
        "alpha1": -0.17453292519943295
    }, 
    "iterNum": 35
}