{
    "current": {
        "y1": -99.370209619341594, 
        "x1": 15.651732300716347, 
        "alpha1": -0.18826048027709452
    }, 
    "metric": -0.30738243391496856, 
    "init": {
        "y1": -90.0, 
        "x1": 20.0, 
        "alpha1": -0.17453292519943295
    }, 
    "iterNum": 36
}