{
    "current": {
        "y1": -98.825906635802497, 
        "x1": 15.886781264288974, 
        "alpha1": -0.18843584283887443
    }, 
    "metric": -0.31280984517186716, 
    "init": {
        "y1": -90.0, 
        "x1": 20.0, 
        "alpha1": -0.17453292519943295
    }, 
    "iterNum": 37
}