{
    "current": {
        "y1": -98.466531635802497, 
        "x1": 16.066179412437123, 
        "alpha1": -0.18687029866029159
    }, 
    "metric": -0.30791423120057548, 
    "init": {
        "y1": -90.0, 
        "x1": 20.0, 
        "alpha1": -0.17453292519943295
    }, 
    "iterNum": 38
}