{
    "current": {
        "y1": -99.21884645061732, 
        "x1": 15.739876257430264, 
        "alpha1": -0.18866740122514511
    }, 
    "metric": -0.30726308553674808, 
    "init": {
        "y1": -90.0, 
        "x1": 20.0, 
        "alpha1": -0.17453292519943295
    }, 
    "iterNum": 39
}