{
    "current": {
        "y1": -94.5, 
        "x1": 20.0, 
        "alpha1": -0.17453292519943295
    }, 
    "metric": -0.27008794634307642, 
    "init": {
        "y1": -90.0, 
        "x1": 20.0, 
        "alpha1": -0.17453292519943295
    }, 
    "iterNum": 3
}