{
    "current": {
        "y1": -97.922228652263385, 
        "x1": 16.30122837600975, 
        "alpha1": -0.18704566122207153
    }, 
    "metric": -0.30717037683482495, 
    "init": {
        "y1": -90.0, 
        "x1": 20.0, 
        "alpha1": -0.17453292519943295
    }, 
    "iterNum": 40
}