{
    "current": {
        "y1": -98.89469200102883, 
        "x1": 15.880214287075136, 
        "alpha1": -0.18826196622437671
    }, 
    "metric": -0.3111347289888341, 
    "init": {
        "y1": -90.0, 
        "x1": 20.0, 
        "alpha1": -0.17453292519943295
    }, 
    "iterNum": 41
}