{
    "current": {
        "y1": -98.95998371056244, 
        "x1": 15.850948470761566, 
        "alpha1": -0.18977054216298178
    }, 
    "metric": -0.31027740222165656, 
    "init": {
        "y1": -90.0, 
        "x1": 20.0, 
        "alpha1": -0.17453292519943295
    }, 
    "iterNum": 42
}