{
    "current": {
        "y1": -98.836620691872469, 
        "x1": 15.904756206180455, 
        "alpha1": -0.18904548128730925
    }, 
    "metric": -0.31149877614973603, 
    "init": {
        "y1": -90.0, 
        "x1": 20.0, 
        "alpha1": -0.17453292519943295
    }, 
    "iterNum": 43
}