{
    "current": {
        "y1": -98.493109139231848, 
        "x1": 16.053274875527102, 
        "alpha1": -0.18890121797418499
    }, 
    "metric": -0.30989120376731605, 
    "init": {
        "y1": -90.0, 
        "x1": 20.0, 
        "alpha1": -0.17453292519943295
    }, 
    "iterNum": 44
}