{
    "current": {
        "y1": -98.794296285579577, 
        "x1": 15.923479434188128, 
        "alpha1": -0.18842177916182878
    }, 
    "metric": -0.30844816184989698, 
    "init": {
        "y1": -90.0, 
        "x1": 20.0, 
        "alpha1": -0.17453292519943295
    }, 
    "iterNum": 45
}