{
    "current": {
        "y1": -98.83126366383749, 
        "x1": 15.895768735234714, 
        "alpha1": -0.18874066206309184
    }, 
    "metric": -0.31173890223810968, 
    "init": {
        "y1": -90.0, 
        "x1": 20.0, 
        "alpha1": -0.17453292519943295
    }, 
    "iterNum": 46
}