{
    "current": {
        "y1": -98.622540509259295, 
        "x1": 15.997738768861449, 
        "alpha1": -0.18834964750526667
    }, 
    "metric": -0.30868602031892028, 
    "init": {
        "y1": -90.0, 
        "x1": 20.0, 
        "alpha1": -0.17453292519943295
    }, 
    "iterNum": 47
}