{
    "current": {
        "y1": -98.860299318415656, 
        "x1": 15.883497775682056, 
        "alpha1": -0.18834890453162556
    }, 
    "metric": -0.3105903065613555, 
    "init": {
        "y1": -90.0, 
        "x1": 20.0, 
        "alpha1": -0.17453292519943295
    }, 
    "iterNum": 48
}