{
    "current": {
        "y1": -99.055772569444485, 
        "x1": 15.779626414609044, 
        "alpha1": -0.1886672921171279
    }, 
    "metric": -0.30898947815073008, 
    "init": {
        "y1": -90.0, 
        "x1": 20.0, 
        "alpha1": -0.17453292519943295
    }, 
    "iterNum": 49
}