{
    "current": {
        "y1": -90.0, 
        "x1": 20.0, 
        "alpha1": -0.18325957145940461
    }, 
    "metric": -0.27434606563127806, 
    "init": {
        "y1": -90.0, 
        "x1": 20.0, 
        "alpha1": -0.17453292519943295
    }, 
    "iterNum": 4
}