{
    "current": {
        "y1": -98.947464554398181, 
        "x1": 15.834154503172146, 
        "alpha1": -0.1885878809641626
    }, 
    "metric": -0.3097132300506506, 
    "init": {
        "y1": -90.0, 
        "x1": 20.0, 
        "alpha1": -0.17453292519943295
    }, 
    "iterNum": 50
}