{
    "current": {
        "y1": -98.7308485243056, 
        "x1": 15.943210680298348, 
        "alpha1": -0.18842905865823198
    }, 
    "metric": -0.30934560796745375, 
    "init": {
        "y1": -90.0, 
        "x1": 20.0, 
        "alpha1": -0.17453292519943295
    }, 
    "iterNum": 51
}