{
    "current": {
        "y1": -98.893310546875028, 
        "x1": 15.861418547453695, 
        "alpha1": -0.18854817538767993
    }, 
    "metric": -0.31039633614525702, 
    "init": {
        "y1": -90.0, 
        "x1": 20.0, 
        "alpha1": -0.17453292519943295
    }, 
    "iterNum": 52
}