{
    "current": {
        "y1": -98.785002531828752, 
        "x1": 15.915946636016798, 
        "alpha1": -0.18846876423471465
    }, 
    "metric": -0.30776047037203619, 
    "init": {
        "y1": -90.0, 
        "x1": 20.0, 
        "alpha1": -0.17453292519943295
    }, 
    "iterNum": 53
}