{
    "current": {
        "y1": -98.866233543113452, 
        "x1": 15.875050569594471, 
        "alpha1": -0.18852832259943861
    }, 
    "metric": -0.31082973738377123, 
    "init": {
        "y1": -90.0, 
        "x1": 20.0, 
        "alpha1": -0.17453292519943295
    }, 
    "iterNum": 54
}