{
    "current": {
        "y1": -98.821969910086608, 
        "x1": 15.888235937063385, 
        "alpha1": -0.18878764713597773
    }, 
    "metric": -0.31200544217045956, 
    "init": {
        "y1": -90.0, 
        "x1": 20.0, 
        "alpha1": -0.17453292519943295
    }, 
    "iterNum": 55
}