{
    "current": {
        "y1": -98.786526596704277, 
        "x1": 15.905473388130243, 
        "alpha1": -0.1887811120925241
    }, 
    "metric": -0.30965658384015915, 
    "init": {
        "y1": -90.0, 
        "x1": 20.0, 
        "alpha1": -0.17453292519943295
    }, 
    "iterNum": 56
}