{
    "current": {
        "y1": -98.846306806511166, 
        "x1": 15.882656274228413, 
        "alpha1": -0.18859151997270998
    }, 
    "metric": -0.3118437992128239, 
    "init": {
        "y1": -90.0, 
        "x1": 20.0, 
        "alpha1": -0.17453292519943295
    }, 
    "iterNum": 57
}