{
    "current": {
        "y1": -98.83152523776269, 
        "x1": 15.876013581819134, 
        "alpha1": -0.18846934456861628
    }, 
    "metric": -0.31159839684418833, 
    "init": {
        "y1": -90.0, 
        "x1": 20.0, 
        "alpha1": -0.17453292519943295
    }, 
    "iterNum": 58
}