{
    "current": {
        "y1": -98.831329057318783, 
        "x1": 15.890829946880819, 
        "alpha1": -0.18867283268947294
    }, 
    "metric": -0.31189161115376435, 
    "init": {
        "y1": -90.0, 
        "x1": 20.0, 
        "alpha1": -0.17453292519943295
    }, 
    "iterNum": 59
}