{
    "current": {
        "y1": -93.0, 
        "x1": 19.0, 
        "alpha1": -0.18035068937274737
    }, 
    "metric": -0.27799676261239703, 
    "init": {
        "y1": -90.0, 
        "x1": 20.0, 
        "alpha1": -0.17453292519943295
    }, 
    "iterNum": 5
}