{
    "current": {
        "y1": -98.806496928960769, 
        "x1": 15.894575157927036, 
        "alpha1": -0.18867269513684007
    }, 
    "metric": -0.31188603612738175, 
    "init": {
        "y1": -90.0, 
        "x1": 20.0, 
        "alpha1": -0.17453292519943295
    }, 
    "iterNum": 60
}