{
    "current": {
        "y1": -98.816449398348368, 
        "x1": 15.891595437002382, 
        "alpha1": -0.18865240134580757
    }, 
    "metric": -0.31279732446882685, 
    "init": {
        "y1": -90.0, 
        "x1": 20.0, 
        "alpha1": -0.17453292519943295
    }, 
    "iterNum": 61
}