{
    "current": {
        "y1": -98.811554905506171, 
        "x1": 15.886911812022342, 
        "alpha1": -0.18857776152430022
    }, 
    "metric": -0.31277249389518297, 
    "init": {
        "y1": -90.0, 
        "x1": 20.0, 
        "alpha1": -0.17453292519943295
    }, 
    "iterNum": 62
}