{
    "current": {
        "y1": -98.813970716351406, 
        "x1": 15.888623071812415, 
        "alpha1": -0.18832302333667705
    }, 
    "metric": -0.31202105147117432, 
    "init": {
        "y1": -90.0, 
        "x1": 20.0, 
        "alpha1": -0.17453292519943295
    }, 
    "iterNum": 63
}