{
    "current": {
        "y1": -98.815970514785207, 
        "x1": 15.888526288125156, 
        "alpha1": -0.18843917928650222
    }, 
    "metric": -0.31192848607676876, 
    "init": {
        "y1": -90.0, 
        "x1": 20.0, 
        "alpha1": -0.17453292519943295
    }, 
    "iterNum": 64
}