{
    "current": {
        "y1": -98.821178017075425, 
        "x1": 15.889188350645679, 
        "alpha1": -0.188544122092341
    }, 
    "metric": -0.3131301423575224, 
    "init": {
        "y1": -90.0, 
        "x1": 20.0, 
        "alpha1": -0.17453292519943295
    }, 
    "iterNum": 65
}