{
    "current": {
        "y1": -98.818730770654327, 
        "x1": 15.886846538155659, 
        "alpha1": -0.18850680218158733
    }, 
    "metric": -0.3124268305897398, 
    "init": {
        "y1": -90.0, 
        "x1": 20.0, 
        "alpha1": -0.17453292519943295
    }, 
    "iterNum": 66
}