{
    "current": {
        "y1": -98.823938272944559, 
        "x1": 15.887508600676179, 
        "alpha1": -0.18861174498742608
    }, 
    "metric": -0.31173048282090154, 
    "init": {
        "y1": -90.0, 
        "x1": 20.0, 
        "alpha1": -0.17453292519943295
    }, 
    "iterNum": 67
}