{
    "current": {
        "y1": -98.819938676076958, 
        "x1": 15.887702168050696, 
        "alpha1": -0.18837943308777574
    }, 
    "metric": -0.31220313948147888, 
    "init": {
        "y1": -90.0, 
        "x1": 20.0, 
        "alpha1": -0.17453292519943295
    }, 
    "iterNum": 68
}