{
    "current": {
        "y1": -98.820938575293852, 
        "x1": 15.887653776207067, 
        "alpha1": -0.18843751106268836
    }, 
    "metric": -0.31280200604706526, 
    "init": {
        "y1": -90.0, 
        "x1": 20.0, 
        "alpha1": -0.17453292519943295
    }, 
    "iterNum": 69
}