{
    "current": {
        "y1": -94.5, 
        "x1": 18.0, 
        "alpha1": -0.18325957145940458
    }, 
    "metric": -0.29079912071729458, 
    "init": {
        "y1": -90.0, 
        "x1": 20.0, 
        "alpha1": -0.17453292519943295
    }, 
    "iterNum": 6
}