{
    "current": {
        "y1": -98.826618048126846, 
        "x1": 15.888902389272154, 
        "alpha1": -0.18843818181434852
    }, 
    "metric": -0.31266913042241357, 
    "init": {
        "y1": -90.0, 
        "x1": 20.0, 
        "alpha1": -0.17453292519943295
    }, 
    "iterNum": 70
}