{
    "current": {
        "y1": -98.824646228758724, 
        "x1": 15.88838842649303, 
        "alpha1": -0.18845533690615823
    }, 
    "metric": -0.31303720372644206, 
    "init": {
        "y1": -90.0, 
        "x1": 20.0, 
        "alpha1": -0.17453292519943295
    }, 
    "iterNum": 71
}