{
    "current": {
        "y1": -98.826882012463912, 
        "x1": 15.888584918078056, 
        "alpha1": -0.18851935682889409
    }, 
    "metric": -0.31226453612473976, 
    "init": {
        "y1": -90.0, 
        "x1": 20.0, 
        "alpha1": -0.17453292519943295
    }, 
    "iterNum": 72
}