{
    "current": {
        "y1": -98.822424434586367, 
        "x1": 15.887886561674815, 
        "alpha1": -0.18845797250423979
    }, 
    "metric": -0.31333590199260392, 
    "init": {
        "y1": -90.0, 
        "x1": 20.0, 
        "alpha1": -0.17453292519943295
    }, 
    "iterNum": 73
}