{
    "current": {
        "y1": -98.819592484477838, 
        "x1": 15.890194294920043, 
        "alpha1": -0.18853577816295153
    }, 
    "metric": -0.31299389508366277, 
    "init": {
        "y1": -90.0, 
        "x1": 20.0, 
        "alpha1": -0.17453292519943295
    }, 
    "iterNum": 74
}