{
    "current": {
        "y1": -98.821171022309017, 
        "x1": 15.889341037262275, 
        "alpha1": -0.18851079433193227
    }, 
    "metric": -0.31341388902850631, 
    "init": {
        "y1": -90.0, 
        "x1": 20.0, 
        "alpha1": -0.17453292519943295
    }, 
    "iterNum": 75
}