{
    "current": {
        "y1": -98.818536087221815, 
        "x1": 15.889222206562149, 
        "alpha1": -0.18855325571285048
    }, 
    "metric": -0.3131749262811811, 
    "init": {
        "y1": -90.0, 
        "x1": 20.0, 
        "alpha1": -0.17453292519943295
    }, 
    "iterNum": 76
}