{
    "current": {
        "y1": -98.82024301233605, 
        "x1": 15.888444853020481, 
        "alpha1": -0.18847055960700732
    }, 
    "metric": -0.31289369326218819, 
    "init": {
        "y1": -90.0, 
        "x1": 20.0, 
        "alpha1": -0.17453292519943295
    }, 
    "iterNum": 77
}