{
    "current": {
        "y1": -98.820944265890574, 
        "x1": 15.88900247623938, 
        "alpha1": -0.1885257314710076
    }, 
    "metric": -0.31293380179294716, 
    "init": {
        "y1": -90.0, 
        "x1": 20.0, 
        "alpha1": -0.17453292519943295
    }, 
    "iterNum": 78
}