{
    "current": {
        "y1": -98.821797728447692, 
        "x1": 15.888613799468544, 
        "alpha1": -0.18848438341808604
    }, 
    "metric": -0.31341059733152027, 
    "init": {
        "y1": -90.0, 
        "x1": 20.0, 
        "alpha1": -0.17453292519943295
    }, 
    "iterNum": 79
}