{
    "current": {
        "y1": -88.5, 
        "x1": 18.666666666666664, 
        "alpha1": -0.18616845354606179
    }, 
    "metric": -0.27706198544346466, 
    "init": {
        "y1": -90.0, 
        "x1": 20.0, 
        "alpha1": -0.17453292519943295
    }, 
    "iterNum": 7
}