{
    "current": {
        "y1": -98.819853554765416, 
        "x1": 15.889281621912211, 
        "alpha1": -0.18853202502239136
    }, 
    "metric": -0.31348437103887788, 
    "init": {
        "y1": -90.0, 
        "x1": 20.0, 
        "alpha1": -0.17453292519943295
    }, 
    "iterNum": 80
}