{
    "current": {
        "y1": -98.821174519692221, 
        "x1": 15.889264693953976, 
        "alpha1": -0.18852745821213662
    }, 
    "metric": -0.31319272402572085, 
    "init": {
        "y1": -90.0, 
        "x1": 20.0, 
        "alpha1": -0.17453292519943295
    }, 
    "iterNum": 81
}