{
    "current": {
        "y1": -98.820707017322547, 
        "x1": 15.888892945141379, 
        "alpha1": -0.18849067696946981
    }, 
    "metric": -0.31318489439932473, 
    "init": {
        "y1": -90.0, 
        "x1": 20.0, 
        "alpha1": -0.17453292519943295
    }, 
    "iterNum": 82
}