{
    "current": {
        "y1": -98.821057644099795, 
        "x1": 15.889171756750827, 
        "alpha1": -0.18851826290146992
    }, 
    "metric": -0.31327070044670924, 
    "init": {
        "y1": -90.0, 
        "x1": 20.0, 
        "alpha1": -0.17453292519943295
    }, 
    "iterNum": 83
}