{
    "current": {
        "y1": -98.820823892914973, 
        "x1": 15.888985882344528, 
        "alpha1": -0.18849987228013651
    }, 
    "metric": -0.31324782781623167, 
    "init": {
        "y1": -90.0, 
        "x1": 20.0, 
        "alpha1": -0.17453292519943295
    }, 
    "iterNum": 84
}