{
    "current": {
        "y1": -98.820999206303583, 
        "x1": 15.889125288149252, 
        "alpha1": -0.18851366524613655
    }, 
    "metric": -0.31347769042908746, 
    "init": {
        "y1": -90.0, 
        "x1": 20.0, 
        "alpha1": -0.17453292519943295
    }, 
    "iterNum": 85
}