{
    "current": {
        "y1": -98.819551460470976, 
        "x1": 15.889884832080615, 
        "alpha1": -0.18855327298222074
    }, 
    "metric": -0.31320740807068609, 
    "init": {
        "y1": -90.0, 
        "x1": 20.0, 
        "alpha1": -0.17453292519943295
    }, 
    "iterNum": 86
}