{
    "current": {
        "y1": -98.821236161453513, 
        "x1": 15.888931557621561, 
        "alpha1": -0.18850160580911973
    }, 
    "metric": -0.31345598202361202, 
    "init": {
        "y1": -90.0, 
        "x1": 20.0, 
        "alpha1": -0.17453292519943295
    }, 
    "iterNum": 87
}