{
    "current": {
        "y1": -98.820221592705991, 
        "x1": 15.888884607859742, 
        "alpha1": -0.18852073638649949
    }, 
    "metric": -0.31313851496384543, 
    "init": {
        "y1": -90.0, 
        "x1": 20.0, 
        "alpha1": -0.17453292519943295
    }, 
    "iterNum": 88
}