{
    "current": {
        "y1": -98.820933664908267, 
        "x1": 15.889226929911642, 
        "alpha1": -0.18851327984557409
    }, 
    "metric": -0.31342746241283309, 
    "init": {
        "y1": -90.0, 
        "x1": 20.0, 
        "alpha1": -0.17453292519943295
    }, 
    "iterNum": 89
}