{
    "current": {
        "y1": -92.0, 
        "x1": 17.777777777777779, 
        "alpha1": -0.17938106201052825
    }, 
    "metric": -0.26391495952487332, 
    "init": {
        "y1": -90.0, 
        "x1": 20.0, 
        "alpha1": -0.17453292519943295
    }, 
    "iterNum": 8
}