{
    "current": {
        "y1": -98.82045895010674, 
        "x1": 15.888998715210375, 
        "alpha1": -0.18851825087285767
    }, 
    "metric": -0.31324845728740774, 
    "init": {
        "y1": -90.0, 
        "x1": 20.0, 
        "alpha1": -0.17453292519943295
    }, 
    "iterNum": 90
}