{
    "current": {
        "y1": -98.820814986207893, 
        "x1": 15.889169876236325, 
        "alpha1": -0.18851452260239498
    }, 
    "metric": -0.31355851406145552, 
    "init": {
        "y1": -90.0, 
        "x1": 20.0, 
        "alpha1": -0.17453292519943295
    }, 
    "iterNum": 91
}