{
    "current": {
        "y1": -98.819875670064434, 
        "x1": 15.889452966576965, 
        "alpha1": -0.1885385361048289
    }, 
    "metric": -0.31322868601187731, 
    "init": {
        "y1": -90.0, 
        "x1": 20.0, 
        "alpha1": -0.17453292519943295
    }, 
    "iterNum": 92
}