{
    "current": {
        "y1": -98.820896038606236, 
        "x1": 15.889061909860413, 
        "alpha1": -0.18851083838304702
    }, 
    "metric": -0.31340484011744713, 
    "init": {
        "y1": -90.0, 
        "x1": 20.0, 
        "alpha1": -0.17453292519943295
    }, 
    "iterNum": 93
}