{
    "current": {
        "y1": -98.820334270486654, 
        "x1": 15.889225749074267, 
        "alpha1": -0.18852327381239317
    }, 
    "metric": -0.31345662254110129, 
    "init": {
        "y1": -90.0, 
        "x1": 20.0, 
        "alpha1": -0.17453292519943295
    }, 
    "iterNum": 94
}