{
    "current": {
        "y1": -98.820907096255738, 
        "x1": 15.889147582192788, 
        "alpha1": -0.18851409392426577
    }, 
    "metric": -0.31350384368683459, 
    "init": {
        "y1": -90.0, 
        "x1": 20.0, 
        "alpha1": -0.17453292519943295
    }, 
    "iterNum": 95
}