{
    "current": {
        "y1": -98.821025573830696, 
        "x1": 15.889050716928942, 
        "alpha1": -0.18850806420575736
    }, 
    "metric": -0.31336018590671655, 
    "init": {
        "y1": -90.0, 
        "x1": 20.0, 
        "alpha1": -0.17453292519943295
    }, 
    "iterNum": 96
}