{
    "current": {
        "y1": -98.82034532813617, 
        "x1": 15.889311421406649, 
        "alpha1": -0.18852652935361194
    }, 
    "metric": -0.31351539264396222, 
    "init": {
        "y1": -90.0, 
        "x1": 20.0, 
        "alpha1": -0.17453292519943295
    }, 
    "iterNum": 97
}