{
    "current": {
        "y1": -98.821044003246527, 
        "x1": 15.889193504149574, 
        "alpha1": -0.18851349010778859
    }, 
    "metric": -0.31341482053300734, 
    "init": {
        "y1": -90.0, 
        "x1": 20.0, 
        "alpha1": -0.17453292519943295
    }, 
    "iterNum": 98
}