{
    "current": {
        "y1": -98.82051170367663, 
        "x1": 15.889217687843093, 
        "alpha1": -0.18852082788624203
    }, 
    "metric": -0.31343353013637798, 
    "init": {
        "y1": -90.0, 
        "x1": 20.0, 
        "alpha1": -0.17453292519943295
    }, 
    "iterNum": 99
}