{
    "current": {
        "y1": -90.5, 
        "x1": 19.444444444444443, 
        "alpha1": -0.18228994409718552
    }, 
    "metric": -0.27281979414121199, 
    "init": {
        "y1": -90.0, 
        "x1": 20.0, 
        "alpha1": -0.17453292519943295
    }, 
    "iterNum": 9
}